MAXLEN;REP;RESULT;TIME
16;1;true;71.284929
16;2;true;69.962701
16;3;true;75.387081
16;4;true;65.549391
16;5;true;63.916634
17;1;true;65.567592
17;2;true;66.455938
17;3;true;65.846400
17;4;true;65.697996
17;5;true;65.599344
18;1;true;151.938654
18;2;true;151.893843
18;3;true;152.018516
18;4;true;151.650156
18;5;true;151.742348
19;1;true;74.827363
19;2;true;74.611337
19;3;true;74.719640
19;4;true;74.963948
19;5;true;74.851824
20;1;true;50.264144
20;2;true;50.220073
20;3;true;50.160581
20;4;true;50.292834
20;5;true;50.775238
21;1;true;93.874962
21;2;true;93.831151
21;3;true;99.894448
21;4;true;93.905224
21;5;true;93.768629
22;1;true;29.706711
22;2;true;35.803729
22;3;true;29.511895
22;4;true;29.595318
22;5;true;29.408322
23;1;true;91.423620
23;2;true;91.373398
23;3;true;91.259315
23;4;true;91.535473
23;5;true;91.317167
24;1;true;311.594825
24;2;true;311.308886
24;3;true;311.491712
24;4;true;311.022307
24;5;true;311.406439
25;1;true;343.997165
25;2;true;343.953582
25;3;true;344.204480
25;4;true;343.719246
25;5;true;343.774148
26;1;true;111.137478
26;2;true;111.193140
26;3;true;111.197420
26;4;true;116.605358
26;5;true;111.707945
27;1;true;46.264047
27;2;true;45.692450
27;3;true;46.128743
27;4;true;45.868205
27;5;true;45.847024
28;1;true;203.894007
28;2;true;203.593148
28;3;true;203.693781
28;4;true;203.583708
28;5;true;203.836645
29;1;true;119.043349
29;2;true;118.598367
29;3;true;118.861135
29;4;true;118.889885
29;5;true;118.672858
30;1;true;67.804438
30;2;true;67.632332
30;3;true;67.968593
30;4;true;67.709975
30;5;true;70.937589
31;1;true;41.702582
31;2;true;41.542348
31;3;true;41.439094
31;4;true;41.522787
31;5;true;41.395193
32;1;true;334.185867
32;2;true;334.240989
32;3;true;335.232087
32;4;true;333.333552
32;5;true;334.702052
33;1;true;130.039343
33;2;true;129.613470
33;3;true;129.428054
33;4;true;129.655141
33;5;true;129.723573
34;1;true;75.029389
34;2;true;74.563626
34;3;true;75.061801
34;4;true;75.042530
34;5;true;75.151063
35;1;true;32.698368
35;2;true;32.873254
35;3;true;33.181353
35;4;true;32.925325
35;5;true;37.944263
36;1;true;52.409287
36;2;true;52.295634
36;3;true;52.237411
36;4;true;52.404716
36;5;true;52.231031
37;1;true;115.711472
37;2;true;115.785514
37;3;true;115.601998
37;4;true;115.652131
37;5;true;115.741463
38;1;true;461.675624
38;2;true;463.394574
38;3;true;463.258520
38;4;true;462.438027
38;5;true;463.189138
39;1;true;277.638709
39;2;true;278.014890
39;3;true;277.826384
39;4;true;277.616928
39;5;true;277.712371
40;1;true;48.944294
40;2;true;48.906384
40;3;true;48.812391
40;4;true;49.076299
40;5;true;48.576084
41;1;true;179.678387
41;2;true;179.818592
41;3;true;179.413520
41;4;true;179.595184
41;5;true;179.493492
42;1;true;57.319150
42;2;true;57.342301
42;3;true;57.360231
42;4;true;57.740253
42;5;true;57.508415
43;1;true;59.743431
43;2;true;59.489784
43;3;true;59.541166
43;4;true;59.159524
43;5;true;59.418792
44;1;true;45.021120
44;2;true;45.000029
44;3;true;44.850784
44;4;true;44.939598
44;5;true;44.995809
45;1;true;73.423092
45;2;true;73.375871
45;3;true;73.418683
45;4;true;73.456643
45;5;true;73.463683
46;1;true;33.151482
46;2;true;32.985427
46;3;true;32.994497
46;4;true;32.929935
46;5;true;33.092200
47;1;true;30.995129
47;2;true;30.948627
47;3;true;31.126202
47;4;true;30.692200
47;5;true;30.672709
48;1;true;41.862858
48;2;true;41.810476
48;3;true;41.954699
48;4;true;41.858387
48;5;true;41.907519
49;1;true;105.739039
49;2;true;105.904175
49;3;true;106.593665
49;4;true;106.509603
49;5;true;106.604856
50;1;true;509.559337
50;2;true;507.851148
50;3;true;508.336302
50;4;true;508.910848
50;5;true;508.082495
51;1;true;167.918882
51;2;true;167.395507
51;3;true;167.260703
51;4;true;167.302884
51;5;true;167.886472
52;1;true;11039.760090
52;2;true;11028.846201
52;3;true;11038.350489
52;4;true;11047.164918
52;5;true;11028.995056
53;1;true;572.937706
53;2;true;572.723229
53;3;true;582.297611
53;4;true;574.141011
53;5;true;572.099991
54;1;true;78.665276
54;2;true;78.259944
54;3;true;78.534402
54;4;true;86.589059
54;5;true;78.819971
55;1;true;112.374194
55;2;true;112.936721
55;3;true;113.014543
55;4;true;112.155708
55;5;true;112.477067
56;1;true;268.800190
56;2;true;266.954696
56;3;true;267.973525
56;4;true;267.150672
56;5;true;267.176682
57;1;true;70.027012
57;2;true;69.970271
57;3;true;69.922990
57;4;true;70.105375
57;5;true;70.290690
58;1;true;218.914357
58;2;true;219.396932
58;3;true;217.956349
58;4;true;218.374842
58;5;true;218.929318
59;1;true;56.523437
59;2;true;56.463685
59;3;true;56.953059
59;4;true;56.737903
59;5;true;56.433374
60;1;true;79.565863
60;2;true;79.758388
60;3;true;79.958795
60;4;true;79.872112
60;5;true;79.637624
61;1;true;146.339420
61;2;true;146.092582
61;3;true;146.173435
61;4;true;145.643330
61;5;true;145.434173
62;1;true;255.722997
62;2;true;256.943482
62;3;true;255.535721
62;4;true;255.841350
62;5;true;257.110167
63;1;true;109.250272
63;2;true;108.871532
63;3;true;108.970414
63;4;true;109.193051
63;5;true;109.113719
64;1;true;127.985442
64;2;true;127.254140
64;3;true;127.552109
64;4;true;127.266691
64;5;true;128.308712
65;1;true;247.112414
65;2;true;248.062202
65;3;true;246.407923
65;4;true;246.947830
65;5;true;247.856375
66;1;true;598.464314
66;2;true;598.381672
66;3;true;600.117733
66;4;true;598.264928
66;5;true;598.012341
67;1;true;103.512164
67;2;true;103.473574
67;3;true;103.465833
67;4;true;103.694699
67;5;true;103.434603
68;1;true;60.879155
68;2;true;61.054500
68;3;true;60.928967
68;4;true;61.403139
68;5;true;60.758321
69;1;true;292.114963
69;2;true;292.384472
69;3;true;293.021020
69;4;true;291.738502
69;5;true;292.903356
70;1;true;9081.199757
70;2;true;9088.351196
70;3;true;9092.075165
70;4;true;9089.584912
70;5;true;9126.532835
71;1;true;141.716054
71;2;true;139.988744
71;3;true;139.672535
71;4;true;139.866640
71;5;true;139.649595
72;1;true;929.808487
72;2;true;932.024533
72;3;true;932.558828
72;4;true;930.624601
72;5;true;930.211529
73;1;true;3890.747528
73;2;true;3898.766772
73;3;true;3887.061590
73;4;true;3892.671585
73;5;true;3883.658811
74;1;true;89.959997
74;2;true;89.547615
74;3;true;89.295198
74;4;true;89.230386
74;5;true;89.348129
75;1;true;441.370088
75;2;true;441.821362
75;3;true;440.803302
75;4;true;440.252567
75;5;true;440.355309
76;1;true;20642.606541
76;2;true;20561.449154
76;3;true;20501.276390
76;4;true;20520.637428
76;5;true;20650.942188
77;1;true;517.117290
77;2;true;515.901794
77;3;true;515.703048
77;4;true;517.099930
77;5;true;515.366628
78;1;true;69.507578
78;2;true;69.086465
78;3;true;69.120046
78;4;true;68.889079
78;5;true;69.208199
79;1;true;181.750528
79;2;true;181.456209
79;3;true;181.210192
79;4;true;182.046537
79;5;true;181.294335
80;1;true;193.808212
80;2;true;193.935015
80;3;true;194.070809
80;4;true;193.629706
80;5;true;193.621356
81;1;true;489.497490
81;2;true;489.846199
81;3;true;490.056197
81;4;true;491.218050
81;5;true;488.928614
82;1;true;71.560687
82;2;true;82.117308
82;3;true;71.311860
82;4;true;71.132205
82;5;true;71.143826
83;1;true;100.446145
83;2;true;100.201938
83;3;true;100.823686
83;4;true;100.246658
83;5;true;100.590189
84;1;true;472.162602
84;2;true;472.828701
84;3;true;472.102390
84;4;true;472.692977
84;5;true;472.239414
85;1;true;74.744061
85;2;true;74.538665
85;3;true;74.447803
85;4;true;74.462123
85;5;true;74.859045
86;1;true;91.044149
86;2;true;90.886594
86;3;true;90.816382
86;4;true;90.768011
86;5;true;90.774221
87;1;true;310.693608
87;2;true;310.806671
87;3;true;310.710098
87;4;true;311.148401
87;5;true;310.087560
88;1;true;674.077791
88;2;true;674.592196
88;3;true;673.822884
88;4;true;673.052381
88;5;true;673.922866
89;1;true;1006.953479
89;2;true;1006.095674
89;3;true;1008.988539
89;4;true;1004.717483
89;5;true;1005.228428
90;1;true;316.369684
90;2;true;316.651572
90;3;true;316.441866
90;4;true;325.522043
90;5;true;316.399275
91;1;true;83.396664
91;2;true;82.884610
91;3;true;82.767036
91;4;true;82.836509
91;5;true;82.810238
92;1;true;118.389361
92;2;true;117.920737
92;3;true;117.593647
92;4;true;117.485635
92;5;true;117.590997
93;1;true;147.371360
93;2;true;147.359260
93;3;true;147.282587
93;4;true;148.189894
93;5;true;147.267567
94;1;true;89.428372
94;2;true;89.342709
94;3;true;89.406531
94;4;true;94.427789
94;5;true;89.593196
95;1;true;58.122454
95;2;true;58.114013
95;3;true;57.877217
95;4;true;58.090333
95;5;true;58.512226
96;1;true;2479.356923
96;2;true;2494.790245
96;3;true;2492.214710
96;4;true;2488.152992
96;5;true;2479.538499
97;1;true;295.126642
97;2;true;293.908636
97;3;true;295.255526
97;4;true;293.396971
97;5;true;293.754452
98;1;true;3230.154333
98;2;true;3234.361667
98;3;true;3244.821033
98;4;true;3223.968022
98;5;true;3224.867208
99;1;true;548.190930
99;2;true;542.327239
99;3;true;540.189406
99;4;true;540.548157
99;5;true;541.691650
100;1;true;104.498424
100;2;true;104.038350
100;3;true;104.183324
100;4;true;104.044870
100;5;true;103.998329
101;1;true;96.613522
101;2;true;97.256201
101;3;true;96.664164
101;4;true;96.609472
101;5;true;96.414407
102;1;true;477.502008
102;2;true;478.468267
102;3;true;477.935231
102;4;true;478.364934
102;5;true;477.993163
103;1;true;302.673643
103;2;true;302.194289
103;3;true;302.596861
103;4;true;302.818527
103;5;true;303.240380
104;1;true;595.517988
104;2;true;596.531087
104;3;true;594.832208
104;4;true;594.596821
104;5;true;595.857987
105;1;true;258.432726
105;2;true;258.087096
105;3;true;258.804936
105;4;true;258.516678
105;5;true;259.013963
106;1;true;342.182402
106;2;true;342.418838
106;3;true;342.301014
106;4;true;343.158510
106;5;true;342.620195
107;1;true;167.490400
107;2;true;161.269538
107;3;true;161.001430
107;4;true;161.282618
107;5;true;160.758673
108;1;true;49.387858
108;2;true;49.322185
108;3;true;49.232374
108;4;true;49.314835
108;5;true;49.182032
109;1;true;78.601144
109;2;true;78.940124
109;3;true;78.669296
109;4;true;78.844161
109;5;true;78.955235
110;1;true;279.766331
110;2;true;279.674619
110;3;true;279.945116
110;4;true;279.691829
110;5;true;279.826523
111;1;true;1052.332869
111;2;true;1049.862028
111;3;true;1056.905974
111;4;true;1055.883394
111;5;true;1056.774770
112;1;true;601.098481
112;2;true;600.633198
112;3;true;599.562126
112;4;true;599.804824
112;5;true;601.362939
113;1;true;253.467860
113;2;true;253.397298
113;3;true;253.736989
113;4;true;253.599114
113;5;true;253.447550
114;1;true;148.446111
114;2;true;148.133623
114;3;true;148.434781
114;4;true;148.379120
114;5;true;148.584276
115;1;true;830.137676
115;2;true;830.990481
115;3;true;829.764005
115;4;true;831.413563
115;5;true;837.815281
116;1;true;73.359910
116;2;true;73.126683
116;3;true;72.946479
116;4;true;72.997940
116;5;true;73.788743
117;1;true;519.275813
117;2;true;520.179609
117;3;true;520.694524
117;4;true;519.483099
117;5;true;520.880800
118;1;true;336.652789
118;2;true;335.778713
118;3;true;336.004880
118;4;true;335.658370
118;5;true;335.129134
119;1;true;351.000140
119;2;true;351.191996
119;3;true;351.803943
119;4;true;351.763082
119;5;true;350.783443
120;1;true;136.791260
120;2;true;136.729528
120;3;true;136.924234
120;4;true;136.648836
120;5;true;136.536792
121;1;true;108.431159
121;2;true;108.091839
121;3;true;108.054537
121;4;true;108.166021
121;5;true;108.257774
122;1;true;302.451457
122;2;true;303.022153
122;3;true;301.768006
122;4;true;302.512089
122;5;true;302.107747
123;1;true;75.449551
123;2;true;75.286658
123;3;true;75.339718
123;4;true;75.249346
123;5;true;75.145943
124;1;true;552.926499
124;2;true;551.939531
124;3;true;552.510857
124;4;true;551.496907
124;5;true;551.208658
125;1;true;308.624328
125;2;true;307.615378
125;3;true;308.017580
125;4;true;308.511785
125;5;true;308.215575
126;1;true;365.502835
126;2;true;366.934176
126;3;true;364.252948
126;4;true;365.518136
126;5;true;365.075382
127;1;true;201.608350
127;2;true;201.374083
127;3;true;202.008142
127;4;true;201.050774
127;5;true;201.093796
128;1;true;417.346404
128;2;true;417.462229
128;3;true;418.032385
128;4;true;417.497219
128;5;true;417.529801
129;1;true;98.396354
129;2;true;98.169368
129;3;true;98.143028
129;4;true;98.079045
129;5;true;98.047464
130;1;true;129.553068
130;2;true;129.403753
130;3;true;129.402033
130;4;true;129.862437
130;5;true;129.288600
131;1;true;261.458604
131;2;true;260.865717
131;3;true;261.120655
131;4;true;260.958560
131;5;true;261.171786
132;1;true;519.306594
132;2;true;520.864940
132;3;true;531.268044
132;4;true;519.406287
132;5;true;519.090368
133;1;true;1665.174695
133;2;true;1672.796979
133;3;true;1670.111520
133;4;true;1669.393719
133;5;true;1662.347222
134;1;true;487.125120
134;2;true;486.641897
134;3;true;487.211873
134;4;true;487.298196
134;5;true;488.096239
135;1;true;691.503872
135;2;true;691.452291
135;3;true;700.174466
135;4;true;691.648326
135;5;true;692.922893
136;1;true;292.457273
136;2;true;292.127814
136;3;true;291.771313
136;4;true;292.093963
136;5;true;291.573548
137;1;true;408.855036
137;2;true;414.903113
137;3;true;408.343790
137;4;true;407.921029
137;5;true;408.933078
138;1;true;104.352139
138;2;true;104.061641
138;3;true;103.782862
138;4;true;103.911556
138;5;true;103.772332
139;1;true;1456.012223
139;2;true;1453.954453
139;3;true;1455.137998
139;4;true;1450.276996
139;5;true;1448.874345
140;1;true;122.439070
140;2;true;122.518501
140;3;true;122.331026
140;4;true;122.291496
140;5;true;122.512011
141;1;true;709.831189
141;2;true;708.343276
141;3;true;714.452835
141;4;true;709.664474
141;5;true;708.028676
142;1;true;247.537147
142;2;true;247.194777
142;3;true;247.817225
142;4;true;247.578628
142;5;true;247.350081
143;1;true;133.939916
143;2;true;134.111451
143;3;true;133.594546
143;4;true;134.087711
143;5;true;133.783752
144;1;true;81.458758
144;2;true;80.988384
144;3;true;81.160619
144;4;true;81.012565
144;5;true;89.689789
145;1;true;487.506101
145;2;true;489.446529
145;3;true;489.503960
145;4;true;491.095137
145;5;true;490.106198
146;1;true;80.670515
146;2;true;80.538461
146;3;true;80.526801
146;4;true;80.291484
146;5;true;80.506741
147;1;true;725.535979
147;2;true;725.663333
147;3;true;724.635993
147;4;true;725.627442
147;5;true;727.562599
148;1;true;726.306172
148;2;true;725.151878
148;3;true;725.933641
148;4;true;725.581441
148;5;true;727.616731
149;1;true;457.871312
149;2;true;457.803331
149;3;true;458.708728
149;4;true;460.177861
149;5;true;456.750920
150;1;true;210.452309
150;2;true;210.483161
150;3;true;210.073299
150;4;true;210.231023
150;5;true;210.238183
151;1;true;848.563097
151;2;true;840.618033
151;3;true;841.306964
151;4;true;840.470569
151;5;true;840.391577
152;1;true;179.110721
152;2;true;179.211704
152;3;true;179.140532
152;4;true;179.097250
152;5;true;178.956576
153;1;true;389.718855
153;2;true;389.901840
153;3;true;390.234460
153;4;true;389.928921
153;5;true;389.871699
154;1;true;109.358276
154;2;true;109.399107
154;3;true;109.377746
154;4;true;109.089878
154;5;true;109.102959
155;1;true;205.014850
155;2;true;204.920568
155;3;true;204.924448
155;4;true;204.656739
155;5;true;204.797364
156;1;true;88.073962
156;2;true;88.243657
156;3;true;88.053411
156;4;true;88.059811
156;5;true;88.052272
157;1;true;801.105785
157;2;true;801.970840
157;3;true;800.227319
157;4;true;800.919600
157;5;true;803.193636
158;1;true;616.723409
158;2;true;619.183271
158;3;true;616.223515
158;4;true;618.199993
158;5;true;615.505004
159;1;true;354.058310
159;2;true;355.177462
159;3;true;354.006688
159;4;true;354.612246
159;5;true;354.433420
160;1;true;227.998114
160;2;true;228.062656
160;3;true;227.876750
160;4;true;227.590462
160;5;true;227.496209
161;1;true;192.649097
161;2;true;192.713500
161;3;true;201.330902
161;4;true;192.383010
161;5;true;192.547015
162;1;true;488.568633
162;2;true;488.826000
162;3;true;489.277433
162;4;true;488.710996
162;5;true;489.711796
163;1;true;269.503680
163;2;true;270.163910
163;3;true;269.266854
163;4;true;274.674293
163;5;true;270.167150
164;1;true;109.092538
164;2;true;108.802900
164;3;true;108.890002
164;4;true;108.770259
164;5;true;108.952695
165;1;true;1543.065446
165;2;true;1548.071692
165;3;true;1544.709154
165;4;true;1542.164670
165;5;true;1553.651856
166;1;true;1060.138008
166;2;true;1060.060656
166;3;true;1058.683636
166;4;true;1057.164141
166;5;true;1055.741280
167;1;true;240.265063
167;2;true;240.701775
167;3;true;239.828450
167;4;true;239.833590
167;5;true;240.047647
168;1;true;303.138487
168;2;true;303.789846
168;3;true;303.502377
168;4;true;303.909869
168;5;true;303.701023
169;1;true;378.051413
169;2;true;377.223909
169;3;true;377.738644
169;4;true;378.234928
169;5;true;378.418973
170;1;true;119.870595
170;2;true;120.207884
170;3;true;119.440772
170;4;true;119.675508
170;5;true;119.576445
171;1;true;351.639888
171;2;true;352.874665
171;3;true;352.500853
171;4;true;352.344619
171;5;true;352.150394
172;1;true;338.574066
172;2;true;338.322968
172;3;true;337.877785
172;4;true;339.102961
172;5;true;338.388830
173;1;true;175.831105
173;2;true;181.502601
173;3;true;174.748603
173;4;true;175.429233
173;5;true;184.308634
174;1;true;172.623340
174;2;true;173.092774
174;3;true;172.465846
174;4;true;172.492046
174;5;true;172.860538
175;1;true;341.024317
175;2;true;340.929154
175;3;true;342.495160
175;4;true;341.698527
175;5;true;341.000967
176;1;true;724.824789
176;2;true;722.862681
176;3;true;724.443117
176;4;true;726.353524
176;5;true;720.549324
177;1;true;180.725498
177;2;true;180.430490
177;3;true;181.077849
177;4;true;181.733317
177;5;true;180.946835
178;1;true;257.405306
178;2;true;257.100787
178;3;true;256.092357
178;4;true;256.796148
178;5;true;257.683254
179;1;true;237.955666
179;2;true;245.769135
179;3;true;237.306317
179;4;true;237.083671
179;5;true;236.878684
180;1;true;1651.901237
180;2;true;1646.314523
180;3;true;1652.984478
180;4;true;1647.261270
180;5;true;1645.718755
181;1;true;1777.939981
181;2;true;1782.219937
181;3;true;1781.918138
181;4;true;1776.304003
181;5;true;1783.999779
182;1;true;388.188070
182;2;true;388.539580
182;3;true;395.170204
182;4;true;387.361407
182;5;true;388.325824
183;1;true;919.684771
183;2;true;916.340812
183;3;true;918.591239
183;4;true;917.881868
183;5;true;915.757206
184;1;true;512.536066
184;2;true;510.193777
184;3;true;512.540546
184;4;true;510.356812
184;5;true;512.489044
185;1;true;667.815167
185;2;true;670.898598
185;3;true;671.017952
185;4;true;672.290419
185;5;true;672.187136
186;1;true;1369.259901
186;2;true;1374.116833
186;3;true;1366.847360
186;4;true;1363.331937
186;5;true;1378.015058
187;1;true;135.097541
187;2;true;134.488772
187;3;true;134.640997
187;4;true;134.442612
187;5;true;134.126332
188;1;true;775.229816
188;2;true;773.632199
188;3;true;773.633959
188;4;true;773.880126
188;5;true;775.013250
189;1;true;712.856038
189;2;true;712.767706
189;3;true;715.712612
189;4;true;714.214698
189;5;true;714.119385
190;1;true;250.962518
190;2;true;241.607722
190;3;true;243.074426
190;4;true;242.472288
190;5;true;242.126148
191;1;true;275.672932
191;2;true;275.108504
191;3;true;275.205088
191;4;true;276.708512
191;5;true;273.903690
192;1;true;2692.819462
192;2;true;2673.560177
192;3;true;2704.559565
192;4;true;2680.496920
192;5;true;2691.353859
193;1;true;485.110112
193;2;true;484.307228
193;3;true;484.659678
193;4;true;483.296308
193;5;true;482.849015
194;1;true;295.116841
194;2;true;294.551445
194;3;true;295.176484
194;4;true;294.122913
194;5;true;293.288558
195;1;true;967.780291
195;2;true;965.980108
195;3;true;968.117110
195;4;true;968.418420
195;5;true;968.565474
196;1;true;284.732937
196;2;true;283.014467
196;3;true;283.157071
196;4;true;282.534113
196;5;true;282.948774
197;1;true;776.620537
197;2;true;782.693035
197;3;true;778.422590
197;4;true;778.529732
197;5;true;777.789632
198;1;true;289.147867
198;2;true;297.389178
198;3;true;287.937971
198;4;true;289.115825
198;5;true;288.616221
199;1;true;263.478904
199;2;true;261.339362
199;3;true;267.352318
199;4;true;262.211267
199;5;true;262.401222
200;1;true;796.914882
200;2;true;794.796270
200;3;true;800.255140
200;4;true;799.333983
200;5;true;799.347663
201;1;true;3164.080557
201;2;true;3152.133517
201;3;true;3164.387505
201;4;true;3150.780427
201;5;true;3154.393702
202;1;true;124.895951
202;2;true;124.403557
202;3;true;124.052877
202;4;true;123.824970
202;5;true;124.433307
203;1;true;935.868866
203;2;true;938.256276
203;3;true;935.143925
203;4;true;933.278370
203;5;true;935.762767
204;1;true;188.888456
204;2;true;188.331895
204;3;true;187.893312
204;4;true;188.458010
204;5;true;196.552839
205;1;true;1679.495185
205;2;true;1680.463719
205;3;true;1674.210312
205;4;true;1685.025673
205;5;true;1684.127155
206;1;true;1056.959625
206;2;true;1057.254837
206;3;true;1055.797552
206;4;true;1062.966702
206;5;true;1062.168389
207;1;true;4914.786800
207;2;true;4928.716027
207;3;true;4919.566685
207;4;true;4924.951213
207;5;true;4928.649017
208;1;true;4847.484570
208;2;true;4856.179936
208;3;true;4846.515047
208;4;true;4844.166983
208;5;true;4842.131050
209;1;true;541.429529
209;2;true;541.639735
209;3;true;539.674338
209;4;true;540.972999
209;5;true;540.632466
210;1;true;3570.402188
210;2;true;3592.460859
210;3;true;3580.805003
210;4;true;3578.489315
210;5;true;3579.331852
211;1;true;75.242258
211;2;true;74.860735
211;3;true;75.287189
211;4;true;74.687670
211;5;true;74.554415
212;1;true;213.494873
212;2;true;212.313475
212;3;true;220.819883
212;4;true;211.775437
212;5;true;212.659395
213;1;true;356.386389
213;2;true;355.328005
213;3;true;355.240990
213;4;true;355.963232
213;5;true;354.912878
214;1;true;111.222121
214;2;true;110.994514
214;3;true;111.507930
214;4;true;111.963045
214;5;true;111.326225
215;1;true;140.053752
215;2;true;140.250479
215;3;true;140.194907
215;4;true;140.647202
215;5;true;140.769265
216;1;true;2123.614298
216;2;true;2144.071251
216;3;true;2139.580379
216;4;true;2142.683965
216;5;true;2131.631080
217;1;true;763.086693
217;2;true;764.225707
217;3;true;762.390434
217;4;true;764.680796
217;5;true;761.919833
218;1;true;281.103484
218;2;true;280.892406
218;3;true;281.156265
218;4;true;280.668358
218;5;true;280.594256
219;1;true;110.674163
219;2;true;110.236949
219;3;true;110.353862
219;4;true;109.776654
219;5;true;109.740522
220;1;true;522.764898
220;2;true;525.192925
220;3;true;525.455763
220;4;true;523.100374
220;5;true;522.866604
221;1;true;72.440097
221;2;true;72.334014
221;3;true;72.242401
221;4;true;72.011782
221;5;true;72.000873
222;1;true;650.462934
222;2;true;650.911297
222;3;true;660.472534
222;4;true;653.182685
222;5;true;649.719191
223;1;true;242.164565
223;2;true;246.905688
223;3;true;242.197706
223;4;true;241.708219
223;5;true;251.232538
224;1;true;2595.107179
224;2;true;2608.503131
224;3;true;2576.602580
224;4;true;2594.661811
224;5;true;2511.134026
225;1;true;590.081265
225;2;true;585.702172
225;3;true;581.589179
225;4;true;580.343565
225;5;true;585.156169
226;1;true;5638.129219
226;2;true;5674.407444
226;3;true;5613.200654
226;4;true;5621.503657
226;5;true;5599.078160
227;1;true;427.413892
227;2;true;417.524313
227;3;true;415.826876
227;4;true;414.959418
227;5;true;415.823864
228;1;true;183.882147
228;2;true;184.491136
228;3;true;183.817925
228;4;true;183.986299
228;5;true;190.943484
229;1;true;194.095655
229;2;true;193.500146
229;3;true;194.282551
229;4;true;194.160017
229;5;true;193.445584
230;1;true;453.667781
230;2;true;454.073174
230;3;true;454.994101
230;4;true;455.515249
230;5;true;453.883104
231;1;true;547.986610
231;2;true;548.597637
231;3;true;549.492146
231;4;true;551.943282
231;5;true;548.937254
232;1;true;6339.532570
232;2;true;6354.661880
232;3;true;6313.001403
232;4;true;6410.940109
232;5;true;6397.669030
233;1;true;293.910176
233;2;true;293.607415
233;3;true;292.916373
233;4;true;300.043462
233;5;true;297.222050
234;1;true;1039.969789
234;2;true;1040.799561
234;3;true;1038.783362
234;4;true;1038.399604
234;5;true;1040.783816
235;1;true;240.683620
235;2;true;239.052397
235;3;true;240.203024
235;4;true;242.180087
235;5;true;242.038783
236;1;true;17603.613826
236;2;true;17815.551735
236;3;true;17706.898311
236;4;true;17785.579065
236;5;true;17702.342333
237;1;true;350.504436
237;2;true;352.103717
237;3;true;346.880410
237;4;true;347.112617
237;5;true;349.498322
238;1;true;388.378325
238;2;true;391.305707
238;3;true;392.294417
238;4;true;391.133240
238;5;true;391.102179
239;1;true;608.260592
239;2;true;604.480801
239;3;true;603.770388
239;4;true;605.402158
239;5;true;606.259324
240;1;true;827.756291
240;2;true;824.930528
240;3;true;820.538827
240;4;true;819.218482
240;5;true;815.909936
241;1;true;5736.993594
241;2;true;5773.958716
241;3;true;5754.665239
241;4;true;5709.427725
241;5;true;5782.040596
242;1;true;278.630497
242;2;true;277.813422
242;3;true;279.090082
242;4;true;277.843703
242;5;true;278.531093
243;1;true;1819.908940
243;2;true;1827.829489
243;3;true;1820.012830
243;4;true;1817.750908
243;5;true;1801.113912
244;1;true;557.027069
244;2;true;561.643493
244;3;true;557.941615
244;4;true;559.392459
244;5;true;558.099857
245;1;true;534.805362
245;2;true;529.895416
245;3;true;532.527289
245;4;true;533.076035
245;5;true;532.774444
246;1;true;451.783220
246;2;true;454.982511
246;3;true;450.393865
246;4;true;449.152355
246;5;true;450.253830
247;1;true;153.370184
247;2;true;152.109934
247;3;true;153.378444
247;4;true;153.297581
247;5;true;152.618789
248;1;true;1153.627361
248;2;true;1147.374539
248;3;true;1145.539847
248;4;true;1161.044461
248;5;true;1162.635527
249;1;true;610.072842
249;2;true;610.455723
249;3;true;614.316004
249;4;true;611.914067
249;5;true;611.866595
250;1;true;177.314292
250;2;true;177.206858
250;3;true;177.003882
250;4;true;176.847857
250;5;true;178.328414
251;1;true;274.290165
251;2;true;274.966416
251;3;true;274.729098
251;4;true;274.731227
251;5;true;273.992664
252;1;true;2005.147737
252;2;true;2002.830322
252;3;true;2004.720608
252;4;true;2003.052843
252;5;true;2015.490431
253;1;true;1120.239743
253;2;true;1107.047095
253;3;true;1107.724992
253;4;true;1110.965929
253;5;true;1111.659928
254;1;true;389.763559
254;2;true;390.884443
254;3;true;395.458937
254;4;true;390.595114
254;5;true;390.230552
255;1;true;207.273393
255;2;true;206.787158
255;3;true;208.160550
255;4;true;207.789848
255;5;true;207.619333
256;1;true;123.341815
256;2;true;123.501730
256;3;true;122.483828
256;4;true;122.849649
256;5;true;123.265912
257;1;true;1534.315618
257;2;true;1537.526901
257;3;true;1531.043911
257;4;true;1537.309870
257;5;true;1535.557378
258;1;true;1049.415041
258;2;true;1053.004501
258;3;true;1046.123471
258;4;true;1051.107185
258;5;true;1046.656082
259;1;true;388.398156
259;2;true;389.810881
259;3;true;388.991224
259;4;true;389.333395
259;5;true;387.161416
260;1;true;156.562591
260;2;true;156.120628
260;3;true;156.480108
260;4;true;156.318243
260;5;true;156.190809
261;1;true;1563.319455
261;2;true;1555.548413
261;3;true;1565.655963
261;4;true;1581.550115
261;5;true;1571.959636
262;1;true;118.070601
262;2;true;117.780411
262;3;true;117.979408
262;4;true;117.935266
262;5;true;117.738871
263;1;true;542.307538
263;2;true;542.922075
263;3;true;546.762895
263;4;true;542.624665
263;5;true;545.928147
264;1;true;611.672606
264;2;true;605.015927
264;3;true;607.097722
264;4;true;603.202307
264;5;true;601.906106
265;1;true;607.356435
265;2;true;605.292950
265;3;true;604.335379
265;4;true;602.236562
265;5;true;611.920695
266;1;true;497.661095
266;2;true;496.506839
266;3;true;498.806579
266;4;true;499.614055
266;5;true;498.035874
267;1;true;414.401305
267;2;true;415.481378
267;3;true;416.058876
267;4;true;415.025252
267;5;true;412.902576
268;1;true;565.449710
268;2;true;564.213121
268;3;true;563.250249
268;4;true;563.968711
268;5;true;562.315278
269;1;true;782.283231
269;2;true;792.234771
269;3;true;783.168635
269;4;true;785.473446
269;5;true;787.560439
270;1;true;404.442913
270;2;true;406.277650
270;3;true;409.169649
270;4;true;412.040179
270;5;true;405.286787
271;1;true;519.160438
271;2;true;522.119910
271;3;true;531.764311
271;4;true;521.107497
271;5;true;520.967212
272;1;true;1200.244832
272;2;true;1202.022343
272;3;true;1197.714405
272;4;true;1200.264130
272;5;true;1201.695101
273;1;true;669.429633
273;2;true;665.910761
273;3;true;667.139109
273;4;true;667.023134
273;5;true;669.727157
274;1;true;1328.371223
274;2;true;1332.817917
274;3;true;1324.401610
274;4;true;1328.157243
274;5;true;1330.188722
275;1;true;1181.618907
275;2;true;1185.705081
275;3;true;1185.935405
275;4;true;1182.182604
275;5;true;1177.902767
276;1;true;400.446188
276;2;true;401.309725
276;3;true;397.321000
276;4;true;399.712044
276;5;true;397.055941
277;1;true;2766.895734
277;2;true;2768.530585
277;3;true;2772.144338
277;4;true;2797.886139
277;5;true;2765.545831
278;1;true;1704.723361
278;2;true;1694.889858
278;3;true;1692.697413
278;4;true;1686.369527
278;5;true;1690.040554
279;1;true;337.129980
279;2;true;341.440135
279;3;true;338.930426
279;4;true;339.186514
279;5;true;338.971888
280;1;true;16375.139386
280;2;true;16346.448572
280;3;true;16362.971325
280;4;true;16382.202158
280;5;true;16397.767267
281;1;true;4374.164041
281;2;true;4385.833199
281;3;true;4344.906273
281;4;true;4334.777489
281;5;true;4347.229264
282;1;true;584.692389
282;2;true;580.214819
282;3;true;585.978417
282;4;true;582.253881
282;5;true;582.751555
283;1;true;2270.164907
283;2;true;2274.735127
283;3;true;2267.112721
283;4;true;2270.803354
283;5;true;2260.035982
284;1;true;318.890785
284;2;true;318.603946
284;3;true;316.529202
284;4;true;316.503221
284;5;true;319.549745
285;1;true;467.962976
285;2;true;467.385398
285;3;true;467.576564
285;4;true;470.446031
285;5;true;464.818918
286;1;true;3123.286594
286;2;true;3107.710374
286;3;true;3113.683759
286;4;true;3102.218097
286;5;true;3120.760650
287;1;true;452.589356
287;2;true;453.543934
287;3;true;451.525302
287;4;true;450.735747
287;5;true;451.709438
288;1;true;4971.902385
288;2;true;4951.866009
288;3;true;4948.009584
288;4;true;4942.522408
288;5;true;4947.378882
289;1;true;420.335059
289;2;true;421.582968
289;3;true;420.294357
289;4;true;419.858053
289;5;true;420.409970
290;1;true;766.286326
290;2;true;768.246536
290;3;true;762.220979
290;4;true;758.043129
290;5;true;763.075732
291;1;true;589.459419
291;2;true;588.653633
291;3;true;590.074237
291;4;true;588.359634
291;5;true;591.139959
292;1;true;1983.979259
292;2;true;1980.403052
292;3;true;1976.933458
292;4;true;1967.038907
292;5;true;1976.698287
293;1;true;4758.833023
293;2;true;4781.014885
293;3;true;4785.077410
293;4;true;4752.507519
293;5;true;4740.964306
294;1;true;597.263960
294;2;true;595.873287
294;3;true;595.490765
294;4;true;594.794383
294;5;true;593.546494
295;1;true;422.661776
295;2;true;420.870262
295;3;true;423.688238
295;4;true;421.464479
295;5;true;421.681686
296;1;true;157.493515
296;2;true;156.283478
296;3;true;156.600788
296;4;true;156.890966
296;5;true;155.829973
297;1;true;1030.585836
297;2;true;1030.605355
297;3;true;1036.710551
297;4;true;1026.395333
297;5;true;1030.744814
298;1;true;1603.248001
298;2;true;1601.738741
298;3;true;1611.821156
298;4;true;1597.154881
298;5;true;1601.920903
299;1;true;498.024198
299;2;true;497.229393
299;3;true;496.401887
299;4;true;498.476380
299;5;true;496.951953
300;1;true;11273.422320
300;2;true;11377.465743
300;3;true;11373.192131
300;4;true;11449.698573
300;5;true;11398.891753
301;1;true;475.954446
301;2;true;476.447991
301;3;true;477.190384
301;4;true;472.698366
301;5;true;475.774419
302;1;true;682.373717
302;2;true;680.775827
302;3;true;678.956711
302;4;true;680.939331
302;5;true;681.595081
303;1;true;474.622742
303;2;true;471.653911
303;3;true;471.226498
303;4;true;473.722484
303;5;true;471.128114
304;1;true;345.232724
304;2;true;345.797741
304;3;true;345.295286
304;4;true;345.771610
304;5;true;345.060618
305;1;true;553.599243
305;2;true;553.197811
305;3;true;556.279595
305;4;true;552.628913
305;5;true;553.675074
306;1;true;556.281464
306;2;true;554.675564
306;3;true;553.279860
306;4;true;556.675804
306;5;true;554.889389
307;1;true;505.306303
307;2;true;505.658233
307;3;true;506.370645
307;4;true;505.297902
307;5;true;506.376673
308;1;true;607.942927
308;2;true;618.088477
308;3;true;605.541083
308;4;true;605.984696
308;5;true;608.168033
309;1;true;2633.472550
309;2;true;2634.667466
309;3;true;2634.238493
309;4;true;2615.497582
309;5;true;2611.005485
310;1;true;544.185177
310;2;true;545.490726
310;3;true;546.030183
310;4;true;546.890819
310;5;true;547.548178
311;1;true;403.044096
311;2;true;409.677769
311;3;true;403.383976
311;4;true;401.631852
311;5;true;401.782546
312;1;true;1676.919224
312;2;true;1678.720324
312;3;true;1683.201628
312;4;true;1679.273465
312;5;true;1676.809455
313;1;true;394.918013
313;2;true;395.126148
313;3;true;394.834479
313;4;true;395.829259
313;5;true;393.595251
314;1;true;356.745156
314;2;true;360.987686
314;3;true;356.107486
314;4;true;355.862419
314;5;true;355.968472
315;1;true;373.376793
315;2;true;365.002296
315;3;true;364.726368
315;4;true;364.500292
315;5;true;364.413299
316;1;true;554.245620
316;2;true;556.940493
316;3;true;556.619042
316;4;true;554.988562
316;5;true;554.854497
317;1;true;7134.716108
317;2;true;7167.051888
317;3;true;7128.153577
317;4;true;7112.138645
317;5;true;7108.059928
318;1;true;2666.233645
318;2;true;2643.293338
318;3;true;2654.961824
318;4;true;2640.580777
318;5;true;2655.182264
319;1;true;277.348333
319;2;true;277.436817
319;3;true;284.359197
319;4;true;277.449278
319;5;true;275.052274
320;1;true;3400.485949
320;2;true;3413.283174
320;3;true;3412.594360
320;4;true;3415.341541
320;5;true;3400.378672
321;1;true;1178.244357
321;2;true;1173.248054
321;3;true;1171.847409
321;4;true;1169.012191
321;5;true;1174.615769
322;1;true;906.144873
322;2;true;902.099089
322;3;true;902.541921
322;4;true;903.669844
322;5;true;903.977132
323;1;true;643.634384
323;2;true;642.371915
323;3;true;647.208042
323;4;true;647.386807
323;5;true;645.516130
324;1;true;604.963406
324;2;true;600.103758
324;3;true;593.799306
324;4;true;595.518068
324;5;true;592.840786
325;1;true;373.831206
325;2;true;373.204668
325;3;true;374.929869
325;4;true;375.156026
325;5;true;379.318743
326;1;true;2472.223991
326;2;true;2454.780534
326;3;true;2452.682384
326;4;true;2464.072912
326;5;true;2453.547167
327;1;true;272.952755
327;2;true;274.180813
327;3;true;273.867853
327;4;true;274.431750
327;5;true;273.182902
328;1;true;698.525307
328;2;true;696.643709
328;3;true;696.364670
328;4;true;694.911115
328;5;true;697.099402
329;1;true;483.753389
329;2;true;484.723278
329;3;true;483.567982
329;4;true;482.826080
329;5;true;483.941104
330;1;true;814.128865
330;2;true;813.923528
330;3;true;813.830274
330;4;true;811.816043
330;5;true;821.998332
331;1;true;1112.335790
331;2;true;1111.987718
331;3;true;1114.910636
331;4;true;1112.099499
331;5;true;1116.889212
332;1;true;1931.973606
332;2;true;1935.554461
332;3;true;1936.473715
332;4;true;1935.065879
332;5;true;1930.568468
333;1;true;313.793157
333;2;true;315.262382
333;3;true;321.493161
333;4;true;315.758446
333;5;true;315.147018
334;1;true;947.553388
334;2;true;945.677790
334;3;true;946.648889
334;4;true;948.326129
334;5;true;947.846414
335;1;true;366.935578
335;2;true;367.289699
335;3;true;367.104783
335;4;true;367.320710
335;5;true;366.844915
336;1;true;269.611084
336;2;true;270.348106
336;3;true;270.590174
336;4;true;277.690459
336;5;true;269.725667
337;1;true;1467.324177
337;2;true;1455.032440
337;3;true;1464.320280
337;4;true;1454.993385
337;5;true;1463.573704
338;1;true;234.386812
338;2;true;234.676271
338;3;true;234.764324
338;4;true;234.524187
338;5;true;238.007222
339;1;true;822.218679
339;2;true;820.381513
339;3;true;820.933539
339;4;true;818.831485
339;5;true;825.609259
340;1;true;1572.201799
340;2;true;1566.015859
340;3;true;1566.852292
340;4;true;1570.109338
340;5;true;1563.126174
341;1;true;540.204575
341;2;true;539.927767
341;3;true;540.003209
341;4;true;538.992028
341;5;true;540.870094
342;1;true;1981.117175
342;2;true;1979.717118
342;3;true;1979.142117
342;4;true;1980.183294
342;5;true;1979.852251
343;1;true;633.752435
343;2;true;631.566428
343;3;true;633.206898
343;4;true;633.903279
343;5;true;632.030771
344;1;true;339.725479
344;2;true;339.905745
344;3;true;340.085381
344;4;true;339.771070
344;5;true;339.813512
345;1;true;1953.559992
345;2;true;1931.916142
345;3;true;1945.373946
345;4;true;1939.465543
345;5;true;1937.529071
346;1;true;1970.733105
346;2;true;1982.109335
346;3;true;1968.736187
346;4;true;1984.214052
346;5;true;1983.743864
347;1;true;168.919079
347;2;true;167.737262
347;3;true;168.226887
347;4;true;176.833958
347;5;true;166.863425
348;1;true;696.847642
348;2;true;695.506932
348;3;true;694.775379
348;4;true;695.186491
348;5;true;694.609302
349;1;true;568.055038
349;2;true;560.940902
349;3;true;561.755697
349;4;true;560.088627
349;5;true;558.898510
350;1;true;1043.440707
350;2;true;1043.175147
350;3;true;1043.282799
350;4;true;1039.697191
350;5;true;1046.065392
351;1;true;1127.645591
351;2;true;1128.513197
351;3;true;1126.586598
351;4;true;1123.343688
351;5;true;1123.240734
352;1;true;185.442956
352;2;true;184.896309
352;3;true;186.090945
352;4;true;185.090975
352;5;true;184.980541
353;1;true;677.889867
353;2;true;676.213246
353;3;true;677.034009
353;4;true;677.894875
353;5;true;681.437923
354;1;true;380.877272
354;2;true;378.129919
354;3;true;378.237841
354;4;true;378.938434
354;5;true;378.339975
355;1;true;672.922443
355;2;true;676.522842
355;3;true;676.279114
355;4;true;672.852371
355;5;true;674.314424
356;1;true;832.297246
356;2;true;834.300956
356;3;true;831.790659
356;4;true;830.361656
356;5;true;833.933593
357;1;true;679.610052
357;2;true;675.795415
357;3;true;678.010802
357;4;true;676.516656
357;5;true;679.734573
358;1;true;165.846060
358;2;true;165.404816
358;3;true;165.957193
358;4;true;165.310023
358;5;true;165.532150
359;1;true;919.925042
359;2;true;919.793467
359;3;true;920.383575
359;4;true;919.129525
359;5;true;922.222469
360;1;true;1376.604699
360;2;true;1387.463566
360;3;true;1381.501683
360;4;true;1381.658886
360;5;true;1383.306165
361;1;true;286.444217
361;2;true;289.100937
361;3;true;286.014894
361;4;true;286.302572
361;5;true;286.317433
362;1;true;5386.394707
362;2;true;5379.971788
362;3;true;5310.260197
362;4;true;5329.563659
362;5;true;5324.494793
363;1;true;11268.912967
363;2;true;11138.450378
363;3;true;11186.329372
363;4;true;11180.000940
363;5;true;11142.281972
364;1;true;1982.857637
364;2;true;1982.526075
364;3;true;1985.575154
364;4;true;1975.614501
364;5;true;1983.831725
365;1;true;9853.814635
365;2;true;9861.074639
365;3;true;9868.727936
365;4;true;9887.097078
365;5;true;9834.093377
366;1;true;823.082920
366;2;true;817.021316
366;3;true;820.960474
366;4;true;826.154301
366;5;true;824.922253
367;1;true;421.082866
367;2;true;415.365984
367;3;true;413.792956
367;4;true;413.389294
367;5;true;415.189728
368;1;true;161.420047
368;2;true;160.683884
368;3;true;160.816558
368;4;true;160.942252
368;5;true;161.141078
369;1;true;196.985229
369;2;true;196.807674
369;3;true;197.790033
369;4;true;197.395022
369;5;true;197.340820
370;1;true;320.907774
370;2;true;321.555454
370;3;true;320.592475
370;4;true;320.569184
370;5;true;322.117241
371;1;true;634.775077
371;2;true;636.070855
371;3;true;632.202319
371;4;true;632.629631
371;5;true;633.583070
372;1;true;578.630534
372;2;true;584.030485
372;3;true;579.868140
372;4;true;578.043955
372;5;true;581.704495
373;1;true;956.038829
373;2;true;954.380998
373;3;true;956.193952
373;4;true;954.142590
373;5;true;954.213431
374;1;true;2514.149348
374;2;true;2503.756502
374;3;true;2510.782869
374;4;true;2503.901868
374;5;true;2500.582775
375;1;true;5611.355894
375;2;true;5617.467860
375;3;true;5615.460242
375;4;true;5607.002279
375;5;true;5586.974418
376;1;true;2082.355166
376;2;true;2100.015515
376;3;true;2095.863117
376;4;true;2097.723012
376;5;true;2113.504644
377;1;true;374.277731
377;2;true;374.190538
377;3;true;373.410934
377;4;true;372.394284
377;5;true;372.088644
378;1;true;582.242102
378;2;true;584.896552
378;3;true;584.075808
378;4;true;582.707006
378;5;true;584.159619
379;1;true;5614.774332
379;2;true;5655.703917
379;3;true;5617.111589
379;4;true;5599.909195
379;5;true;5621.418506
380;1;true;901.122469
380;2;true;897.626764
380;3;true;901.205511
380;4;true;902.540240
380;5;true;899.940461
381;1;true;1282.267336
381;2;true;1279.383400
381;3;true;1278.227764
381;4;true;1281.413909
381;5;true;1278.026716
382;1;true;857.612145
382;2;true;861.948745
382;3;true;857.565783
382;4;true;862.166711
382;5;true;861.310185
383;1;true;3095.467844
383;2;true;3089.738586
383;3;true;3068.660427
383;4;true;3081.285843
383;5;true;3086.518486
384;1;true;763.772685
384;2;true;765.924899
384;3;true;766.939338
384;4;true;767.230157
384;5;true;770.289559
385;1;true;1163.367192
385;2;true;1160.861046
385;3;true;1162.972068
385;4;true;1155.777762
385;5;true;1156.812563
386;1;true;387.299219
386;2;true;387.494064
386;3;true;387.772502
386;4;true;386.331050
386;5;true;388.562906
387;1;true;2084.868022
387;2;true;2088.379475
387;3;true;2102.904839
387;4;true;2091.453594
387;5;true;2093.488182
388;1;true;1949.186271
388;2;true;1961.626074
388;3;true;1950.314022
388;4;true;1953.538617
388;5;true;1933.920225
389;1;true;1521.729842
389;2;true;1520.207444
389;3;true;1529.916035
389;4;true;1527.779160
389;5;true;1520.214822
390;1;true;23304.430493
390;2;true;23308.828006
390;3;true;23383.260173
390;4;true;23338.754084
390;5;true;23337.368984
391;1;true;1410.067764
391;2;true;1395.129266
391;3;true;1391.182695
391;4;true;1394.338820
391;5;true;1398.691530
392;1;true;281.797478
392;2;true;289.180139
392;3;true;281.055125
392;4;true;281.013664
392;5;true;288.070776
393;1;true;851.222368
393;2;true;851.369452
393;3;true;851.244627
393;4;true;857.288049
393;5;true;859.317800
394;1;true;1369.465100
394;2;true;1357.004426
394;3;true;1359.492699
394;4;true;1356.656874
394;5;true;1365.930641
395;1;true;675.770720
395;2;true;674.107329
395;3;true;675.316466
395;4;true;680.000716
395;5;true;677.767038
396;1;true;620.160080
396;2;true;617.818470
396;3;true;616.711266
396;4;true;617.756467
396;5;true;617.958213
397;1;true;1386.885887
397;2;true;1392.572086
397;3;true;1392.541415
397;4;true;1392.227375
397;5;true;1391.915785
398;1;true;15349.965215
398;2;true;15372.919568
398;3;true;15356.263686
398;4;true;15492.350806
398;5;true;15502.869180
399;1;true;1411.256712
399;2;true;1403.008173
399;3;true;1405.822207
399;4;true;1412.421255
399;5;true;1403.307971
400;1;true;669.041148
400;2;true;671.115669
400;3;true;670.629145
400;4;true;670.197662
400;5;true;669.617404
401;1;true;548.867244
401;2;true;547.855523
401;3;true;549.732190
401;4;true;550.965467
401;5;true;550.390080
402;1;true;16562.130636
402;2;true;16526.984630
402;3;true;16611.510701
402;4;true;16592.516013
402;5;true;16589.715733
403;1;true;4722.474006
403;2;true;4721.376508
403;3;true;4729.979711
403;4;true;4725.443669
403;5;true;4715.141166
404;1;true;888.178402
404;2;true;886.155601
404;3;true;900.712766
404;4;true;889.989185
404;5;true;888.567163
405;1;true;300.510601
405;2;true;299.712796
405;3;true;299.445698
405;4;true;299.857871
405;5;true;301.072017
406;1;true;940.263721
406;2;true;933.787586
406;3;true;930.618801
406;4;true;935.593840
406;5;true;940.138396
407;1;true;274.722377
407;2;true;276.259073
407;3;true;274.940764
407;4;true;274.634525
407;5;true;281.961435
408;1;true;3468.498424
408;2;true;3464.263645
408;3;true;3464.511590
408;4;true;3459.515308
408;5;true;3476.959578
409;1;true;1308.687019
409;2;true;1307.785560
409;3;true;1308.306776
409;4;true;1306.440189
409;5;true;1306.184251
410;1;true;705.572307
410;2;true;706.330460
410;3;true;708.370530
410;4;true;707.846365
410;5;true;707.745751
411;1;true;547.554295
411;2;true;548.480172
411;3;true;547.798582
411;4;true;546.605216
411;5;true;548.843503
412;1;true;845.068033
412;2;true;842.732193
412;3;true;843.605378
412;4;true;846.692201
412;5;true;846.564818
413;1;true;3574.494874
413;2;true;3564.916984
413;3;true;3560.943492
413;4;true;3565.579738
413;5;true;3558.212385
414;1;true;1740.454914
414;2;true;1736.948989
414;3;true;1741.178586
414;4;true;1742.594037
414;5;true;1738.043650
415;1;true;7179.198660
415;2;true;7191.511839
415;3;true;7217.836037
415;4;true;7238.378442
415;5;true;7216.632382
416;1;true;928.318014
416;2;true;930.346684
416;3;true;926.889991
416;4;true;927.072266
416;5;true;929.429896
417;1;true;9656.614417
417;2;true;9618.910172
417;3;true;9656.070168
417;4;true;9628.496918
417;5;true;9590.752992
418;1;true;3214.452926
418;2;true;3184.241600
418;3;true;3193.045331
418;4;true;3184.149063
418;5;true;3186.777361
419;1;true;2248.836819
419;2;true;2246.202850
419;3;true;2242.118507
419;4;true;2260.872697
419;5;true;2240.557978
420;1;true;480.480124
420;2;true;477.669460
420;3;true;479.923158
420;4;true;483.980459
420;5;true;475.981679
421;1;true;441.261600
421;2;true;441.059444
421;3;true;440.915630
421;4;true;441.111405
421;5;true;441.429695
422;1;true;856.730519
422;2;true;860.085920
422;3;true;855.322187
422;4;true;860.249375
422;5;true;859.789640
423;1;true;799.832536
423;2;true;796.282120
423;3;true;794.985091
423;4;true;791.670332
423;5;true;790.826226
424;1;true;1612.455494
424;2;true;1609.746763
424;3;true;1620.285018
424;4;true;1608.678760
424;5;true;1620.084691
425;1;true;1981.799551
425;2;true;1982.119119
425;3;true;1980.611213
425;4;true;1990.728696
425;5;true;1980.192279
426;1;true;1564.290860
426;2;true;1559.574479
426;3;true;1561.117623
426;4;true;1556.729172
426;5;true;1559.165175
427;1;true;1223.198006
427;2;true;1222.242586
427;3;true;1221.326849
427;4;true;1224.871225
427;5;true;1227.401280
428;1;true;443.217926
428;2;true;441.267158
428;3;true;444.376170
428;4;true;442.023830
428;5;true;443.561466
429;1;true;2257.175958
429;2;true;2254.734425
429;3;true;2259.268480
429;4;true;2245.349672
429;5;true;2263.562367
430;1;true;1528.948927
430;2;true;1526.513843
430;3;true;1539.930674
430;4;true;1526.606495
430;5;true;1533.586833
431;1;true;610.174038
431;2;true;608.428616
431;3;true;609.740234
431;4;true;608.100516
431;5;true;608.279081
432;1;true;2091.581539
432;2;true;2104.069983
432;3;true;2092.061593
432;4;true;2096.780654
432;5;true;2098.597106
433;1;true;1587.657698
433;2;true;1581.123652
433;3;true;1583.126171
433;4;true;1582.862854
433;5;true;1584.085049
434;1;true;698.504677
434;2;true;693.960812
434;3;true;695.948511
434;4;true;699.437476
434;5;true;697.033053
435;1;true;2567.947268
435;2;true;2563.751611
435;3;true;2557.728402
435;4;true;2549.085212
435;5;true;2559.262715
436;1;true;8705.351804
436;2;true;8678.430480
436;3;true;8709.709216
436;4;true;8715.956544
436;5;true;8710.182491
437;1;true;929.021774
437;2;true;931.223929
437;3;true;924.169365
437;4;true;925.339560
437;5;true;928.018040
438;1;true;716.747511
438;2;true;708.680547
438;3;true;709.671347
438;4;true;710.108991
438;5;true;711.778219
439;1;true;2750.201912
439;2;true;2750.578412
439;3;true;2746.846234
439;4;true;2742.566138
439;5;true;2745.511892
440;1;true;1258.257990
440;2;true;1260.897199
440;3;true;1259.636104
440;4;true;1258.576485
440;5;true;1258.354360
441;1;true;6319.572530
441;2;true;6380.328289
441;3;true;6386.584020
441;4;true;6341.338598
441;5;true;6334.877565
442;1;true;2998.983050
442;2;true;3071.872666
442;3;true;3013.421562
442;4;true;2990.530755
442;5;true;3021.864868
443;1;true;2380.776714
443;2;true;2377.132214
443;3;true;2368.885100
443;4;true;2379.350411
443;5;true;2365.590456
444;1;true;475.569277
444;2;true;475.625690
444;3;true;475.620140
444;4;true;475.894498
444;5;true;476.368422
445;1;true;1047.216434
445;2;true;1040.965901
445;3;true;1042.354634
445;4;true;1042.278523
445;5;true;1041.197902
446;1;true;913.655488
446;2;true;913.989599
446;3;true;913.982919
446;4;true;912.505416
446;5;true;915.052032
447;1;true;643.583682
447;2;true;644.684865
447;3;true;641.656087
447;4;true;640.527524
447;5;true;646.033815
448;1;true;13041.959236
448;2;true;12932.250291
448;3;true;13020.128287
448;4;true;13079.911941
448;5;true;12932.559318
449;1;true;345.196948
449;2;true;337.560554
449;3;true;336.045070
449;4;true;336.926186
449;5;true;337.616877
450;1;true;2991.937308
450;2;true;2977.586205
450;3;true;2980.047335
450;4;true;2990.420207
450;5;true;2977.654671
451;1;true;996.076812
451;2;true;998.362560
451;3;true;996.076544
451;4;true;995.529489
451;5;true;995.196800
452;1;true;2477.735573
452;2;true;2482.990622
452;3;true;2476.147617
452;4;true;2490.433182
452;5;true;2477.968932
453;1;true;2146.295804
453;2;true;2155.616141
453;3;true;2150.062923
453;4;true;2149.142020
453;5;true;2146.009632
454;1;true;770.268516
454;2;true;770.079020
454;3;true;772.291395
454;4;true;770.353070
454;5;true;770.994309
455;1;true;23964.266553
455;2;true;23869.092517
455;3;true;23841.497912
455;4;true;23635.927833
455;5;true;23609.966888
456;1;true;3472.482641
456;2;true;3444.820025
456;3;true;3480.734040
456;4;true;3459.355838
456;5;true;3475.434969
457;1;true;1933.251257
457;2;true;1913.034493
457;3;true;1925.879324
457;4;true;1910.345049
457;5;true;1923.762246
458;1;true;723.785552
458;2;true;723.604267
458;3;true;742.965517
458;4;true;730.368646
458;5;true;724.360290
459;1;true;963.716295
459;2;true;959.721219
459;3;true;963.486630
459;4;true;960.294277
459;5;true;963.992226
460;1;true;1863.430383
460;2;true;1859.373566
460;3;true;1855.828943
460;4;true;1861.268726
460;5;true;1869.305955
461;1;true;1207.530552
461;2;true;1204.902946
461;3;true;1203.269729
461;4;true;1204.566047
461;5;true;1208.629098
462;1;true;7520.557792
462;2;true;7516.100174
462;3;true;7481.441956
462;4;true;7492.673079
462;5;true;7477.629618
463;1;true;1116.964094
463;2;true;1119.216721
463;3;true;1109.109924
463;4;true;1114.325299
463;5;true;1109.476716
464;1;true;855.016427
464;2;true;854.845203
464;3;true;859.159831
464;4;true;854.552545
464;5;true;854.640878
465;1;true;427.076396
465;2;true;433.346542
465;3;true;428.933032
465;4;true;427.077488
465;5;true;428.480799
466;1;true;1843.759434
466;2;true;1833.168153
466;3;true;1852.060591
466;4;true;1845.677485
466;5;true;1825.073740
467;1;true;1152.678459
467;2;true;1149.998051
467;3;true;1147.483917
467;4;true;1146.577302
467;5;true;1156.859256
468;1;true;1092.132088
468;2;true;1090.517691
468;3;true;1093.141249
468;4;true;1091.334867
468;5;true;1094.217911
469;1;true;1539.686277
469;2;true;1540.048080
469;3;true;1540.506074
469;4;true;1541.452943
469;5;true;1538.128767
470;1;true;2060.952176
470;2;true;2078.620609
470;3;true;2073.823409
470;4;true;2071.745310
470;5;true;2067.289661
471;1;true;352.998012
471;2;true;353.032632
471;3;true;358.871564
471;4;true;352.302111
471;5;true;352.682042
472;1;true;690.819566
472;2;true;692.579738
472;3;true;691.376173
472;4;true;691.386613
472;5;true;692.080184
473;1;true;1079.334937
473;2;true;1085.118698
473;3;true;1086.137399
473;4;true;1083.936815
473;5;true;1084.554283
474;1;true;979.737201
474;2;true;981.750652
474;3;true;974.723845
474;4;true;971.418698
474;5;true;980.116504
475;1;true;696.589511
475;2;true;695.369485
475;3;true;696.568251
475;4;true;692.253053
475;5;true;694.217542
476;1;true;277.387174
476;2;true;277.268160
476;3;true;277.433495
476;4;true;277.192639
476;5;true;276.882889
477;1;true;3069.197736
477;2;true;3068.003805
477;3;true;3064.223969
477;4;true;3064.779479
477;5;true;3061.364943
478;1;true;1361.353786
478;2;true;1371.420213
478;3;true;1367.994054
478;4;true;1366.572052
478;5;true;1370.683355
479;1;true;1894.868827
479;2;true;1902.676079
479;3;true;1897.221320
479;4;true;1880.073046
479;5;true;1886.298221
480;1;true;1200.566490
480;2;true;1203.535838
480;3;true;1201.131098
480;4;true;1201.755217
480;5;true;1199.003966
481;1;true;3176.852118
481;2;true;3171.107243
481;3;true;3167.186572
481;4;true;3171.839474
481;5;true;3180.776902
482;1;true;3493.713457
482;2;true;3524.015447
482;3;true;3480.449647
482;4;true;3491.042015
482;5;true;3498.885321
483;1;true;1352.386665
483;2;true;1351.541451
483;3;true;1350.186532
483;4;true;1354.188110
483;5;true;1351.115520
484;1;true;631.499064
484;2;true;631.241897
484;3;true;639.716527
484;4;true;630.057832
484;5;true;630.138464
485;1;true;816.417428
485;2;true;815.751228
485;3;true;817.252533
485;4;true;816.569282
485;5;true;813.339408
486;1;true;647.354454
486;2;true;648.041875
486;3;true;647.092747
486;4;true;646.620783
486;5;true;648.802918
487;1;true;5836.129036
487;2;true;5846.355762
487;3;true;5821.944314
487;4;true;5777.941467
487;5;true;5810.691818
488;1;true;1402.497401
488;2;true;1399.603716
488;3;true;1404.510162
488;4;true;1400.542886
488;5;true;1408.757250
489;1;true;10528.818958
489;2;true;10507.547461
489;3;true;10544.430331
489;4;true;10535.441166
489;5;true;10506.663164
490;1;true;514.015343
490;2;true;512.498138
490;3;true;513.789926
490;4;true;514.448107
490;5;true;513.643942
491;1;true;1767.713916
491;2;true;1749.488537
491;3;true;1758.256008
491;4;true;1779.086546
491;5;true;1766.103682
492;1;true;7319.832655
492;2;true;7209.264110
492;3;true;7272.580921
492;4;true;7203.692609
492;5;true;7353.790468
493;1;true;1440.963872
493;2;true;1452.516655
493;3;true;1442.694485
493;4;true;1453.967919
493;5;true;1452.962149
494;1;true;2547.555716
494;2;true;2549.436923
494;3;true;2554.580197
494;4;true;2549.178279
494;5;true;2554.717785
495;1;true;379.749160
495;2;true;380.102810
495;3;true;379.933625
495;4;true;379.810752
495;5;true;380.854423
496;1;true;540.570991
496;2;true;543.093675
496;3;true;546.703402
496;4;true;543.656642
496;5;true;542.344704
497;1;true;1891.075626
497;2;true;1888.533712
497;3;true;1889.707108
497;4;true;1899.403776
497;5;true;1888.662509
498;1;true;205.348198
498;2;true;205.816232
498;3;true;205.431351
498;4;true;205.202365
498;5;true;205.169933
499;1;true;2600.987558
499;2;true;2605.092111
499;3;true;2651.889299
499;4;true;2625.028206
499;5;true;2613.664091
500;1;true;454.311571
500;2;true;451.448446
500;3;true;450.828718
500;4;true;449.659434
500;5;true;449.291753
501;1;true;822.068909
501;2;true;822.946096
501;3;true;825.124030
501;4;true;821.197174
501;5;true;823.064010
502;1;true;1148.984060
502;2;true;1143.077826
502;3;true;1141.438707
502;4;true;1143.941372
502;5;true;1141.413959
503;1;true;757.919662
503;2;true;745.431183
503;3;true;748.377380
503;4;true;751.593736
503;5;true;751.440080
504;1;true;3985.359574
504;2;true;3998.070534
504;3;true;3981.313843
504;4;true;3971.370793
504;5;true;3973.893572
505;1;true;535.443849
505;2;true;541.184548
505;3;true;533.080508
505;4;true;533.990455
505;5;true;535.535751
506;1;true;1860.383271
506;2;true;1859.222457
506;3;true;1858.656240
506;4;true;1858.431295
506;5;true;1853.401638
507;1;true;6266.673663
507;2;true;6245.194387
507;3;true;6244.791845
507;4;true;6259.557192
507;5;true;6233.694025
508;1;true;988.510057
508;2;true;984.451567
508;3;true;987.716114
508;4;true;983.476659
508;5;true;986.770176
509;1;true;500.290493
509;2;true;508.224458
509;3;true;500.177540
509;4;true;499.007715
509;5;true;500.613363
510;1;true;207.540250
510;2;true;207.354284
510;3;true;206.702475
510;4;true;207.128496
510;5;true;207.889850
511;1;true;3235.452607
511;2;true;3214.445297
511;3;true;3225.972471
511;4;true;3215.630607
511;5;true;3230.606944
512;1;true;1587.024180
512;2;true;1590.392640
512;3;true;1587.489654
512;4;true;1580.786736
512;5;true;1580.356805
513;1;true;3803.936094
513;2;true;3784.506191
513;3;true;3788.509462
513;4;true;3803.916282
513;5;true;3809.569103
514;1;true;6110.536449
514;2;true;6077.731175
514;3;true;6082.485043
514;4;true;6090.988304
514;5;true;6099.869214
515;1;true;1560.036220
515;2;true;1568.668636
515;3;true;1566.221644
515;4;true;1561.863966
515;5;true;1557.764264
516;1;true;1121.756108
516;2;true;1118.302436
516;3;true;1123.669705
516;4;true;1120.969685
516;5;true;1122.242803
517;1;true;1614.603351
517;2;true;1612.688975
517;3;true;1621.579560
517;4;true;1622.752895
517;5;true;1616.202721
518;1;true;1496.970536
518;2;true;1486.312390
518;3;true;1489.247908
518;4;true;1488.967410
518;5;true;1490.609380
519;1;true;1130.612805
519;2;true;1132.881023
519;3;true;1132.925024
519;4;true;1146.705333
519;5;true;1148.411134
520;1;true;2583.087167
520;2;true;2598.463285
520;3;true;2580.781762
520;4;true;2689.965881
520;5;true;2569.059937
521;1;true;7070.802855
521;2;true;7038.239888
521;3;true;7132.484413
521;4;true;7100.037990
521;5;true;7037.780112
522;1;true;559.751893
522;2;true;558.098915
522;3;true;557.404104
522;4;true;556.954440
522;5;true;555.824587
523;1;true;1199.790559
523;2;true;1192.239586
523;3;true;1191.432672
523;4;true;1192.162574
523;5;true;1193.076231
524;1;true;404.587412
524;2;true;397.918713
524;3;true;396.215023
524;4;true;396.347148
524;5;true;396.699608
525;1;true;3193.712930
525;2;true;3182.405196
525;3;true;3200.004610
525;4;true;3207.292287
525;5;true;3182.064841
526;1;true;919.915971
526;2;true;914.211482
526;3;true;914.278874
526;4;true;913.668396
526;5;true;916.728547
527;1;true;1794.604332
527;2;true;1801.026053
527;3;true;1806.608980
527;4;true;1788.520843
527;5;true;1801.116487
528;1;true;1559.084098
528;2;true;1559.375986
528;3;true;1553.621484
528;4;true;1556.465471
528;5;true;1553.979368
529;1;true;2314.177013
529;2;true;2314.495804
529;3;true;2309.335841
529;4;true;2318.649699
529;5;true;2315.099994
530;1;true;498.061118
530;2;true;497.705708
530;3;true;497.185833
530;4;true;497.446060
530;5;true;496.563234
531;1;true;1791.931981
531;2;true;1790.027146
531;3;true;1793.382696
531;4;true;1786.952695
531;5;true;1790.660145
532;1;true;617.790012
532;2;true;619.609546
532;3;true;618.531235
532;4;true;624.176742
532;5;true;620.526014
533;1;true;744.359258
533;2;true;739.222506
533;3;true;741.618057
533;4;true;743.433471
533;5;true;740.402162
534;1;true;530.939596
534;2;true;534.348747
534;3;true;534.390238
534;4;true;534.552103
534;5;true;539.871980
535;1;true;2964.778792
535;2;true;2964.819884
535;3;true;2979.080979
535;4;true;2971.244588
535;5;true;2969.051704
536;1;true;1509.085936
536;2;true;1505.582732
536;3;true;1515.181618
536;4;true;1512.198539
536;5;true;1503.936325
537;1;true;439.149204
537;2;true;441.483283
537;3;true;439.684840
537;4;true;440.119963
537;5;true;438.680870
538;1;true;830.900971
538;2;true;831.250351
538;3;true;829.469118
538;4;true;836.453926
538;5;true;829.025986
539;1;true;1932.080324
539;2;true;1928.518518
539;3;true;1944.287037
539;4;true;1919.886223
539;5;true;1926.496891
540;1;true;2194.370222
540;2;true;2188.490038
540;3;true;2188.514658
540;4;true;2196.515997
540;5;true;2197.967401
541;1;true;2381.126469
541;2;true;2379.885762
541;3;true;2384.435028
541;4;true;2389.413467
541;5;true;2380.051409
542;1;true;1434.326267
542;2;true;1437.953635
542;3;true;1425.653130
542;4;true;1433.551805
542;5;true;1425.509666
543;1;true;5690.476494
543;2;true;5694.153958
543;3;true;5721.402472
543;4;true;5688.753917
543;5;true;5699.293873
544;1;true;4525.532530
544;2;true;4541.710081
544;3;true;4570.921572
544;4;true;4521.972081
544;5;true;4522.121008
545;1;true;1608.659914
545;2;true;1614.975462
545;3;true;1610.203460
545;4;true;1617.632822
545;5;true;1614.610592
546;1;true;2716.336926
546;2;true;2702.637170
546;3;true;2720.222933
546;4;true;2708.607179
546;5;true;2701.024154
547;1;true;5527.022992
547;2;true;5535.202609
547;3;true;5541.766417
547;4;true;5537.465413
547;5;true;5534.787286
548;1;true;8293.481647
548;2;true;8331.672919
548;3;true;8313.764053
548;4;true;8309.341190
548;5;true;8315.803489
549;1;true;2549.650789
549;2;true;2556.313228
549;3;true;2540.975273
549;4;true;2538.741437
549;5;true;2548.826907
550;1;true;15579.474166
550;2;true;15630.210627
550;3;true;15653.549142
550;4;true;15561.075727
550;5;true;15562.081767
551;1;true;753.294860
551;2;true;755.164996
551;3;true;752.225308
551;4;true;751.894229
551;5;true;751.629361
552;1;true;1362.515520
552;2;true;1365.713736
552;3;true;1364.941633
552;4;true;1362.355706
552;5;true;1359.546753
553;1;true;3713.398749
553;2;true;3729.544740
553;3;true;3708.188826
553;4;true;3717.733710
553;5;true;3716.930518
554;1;true;8003.417892
554;2;true;7979.719693
554;3;true;8030.905799
554;4;true;7989.741411
554;5;true;7982.396317
555;1;true;1444.512424
555;2;true;1446.179663
555;3;true;1446.218415
555;4;true;1445.112313
555;5;true;1445.263206
556;1;true;16512.477572
556;2;true;16464.768623
556;3;true;16397.863703
556;4;true;16417.512025
556;5;true;16382.811340
557;1;true;4329.486789
557;2;true;4340.514927
557;3;true;4354.830104
557;4;true;4351.852878
557;5;true;4333.530013
558;1;true;1659.978869
558;2;true;1656.964989
558;3;true;1660.427092
558;4;true;1660.783064
558;5;true;1659.395042
559;1;true;863.114295
559;2;true;863.874497
559;3;true;866.956118
559;4;true;864.288599
559;5;true;861.789045
560;1;true;1202.084830
560;2;true;1200.998037
560;3;true;1203.416000
560;4;true;1201.423381
560;5;true;1207.583404
561;1;true;1607.629945
561;2;true;1608.142580
561;3;true;1609.735408
561;4;true;1611.370607
561;5;true;1612.270713
562;1;true;5921.276146
562;2;true;5886.205106
562;3;true;5909.708486
562;4;true;5856.870117
562;5;true;5874.050410
563;1;true;577.424745
563;2;true;581.288729
563;3;true;578.697032
563;4;true;581.018001
563;5;true;576.626931
564;1;true;635.607144
564;2;true;644.715255
564;3;true;635.122920
564;4;true;639.064657
564;5;true;635.988335
565;1;true;839.951078
565;2;true;848.112092
565;3;true;840.647100
565;4;true;844.253116
565;5;true;841.459854
566;1;true;5791.019557
566;2;true;5767.738347
566;3;true;5755.072521
566;4;true;5777.879651
566;5;true;5805.727740
567;1;true;1157.914992
567;2;true;1153.593033
567;3;true;1153.201102
567;4;true;1146.940536
567;5;true;1158.255313
568;1;true;3459.519755
568;2;true;3437.732057
568;3;true;3457.224598
568;4;true;3458.157247
568;5;true;3458.899099
569;1;true;1003.849343
569;2;true;1004.411671
569;3;true;1004.821062
569;4;true;1003.797792
569;5;true;1004.799812
570;1;true;839.706333
570;2;true;834.535150
570;3;true;835.706974
570;4;true;836.712095
570;5;true;840.084195
571;1;true;4015.937872
571;2;true;4053.138648
571;3;true;4059.515868
571;4;true;4041.939077
571;5;true;4027.770356
572;1;true;1692.268122
572;2;true;1688.500750
572;3;true;1696.385564
572;4;true;1692.529720
572;5;true;1706.188526
573;1;true;1816.155425
573;2;true;1813.181938
573;3;true;1822.052981
573;4;true;1829.607825
573;5;true;1814.910089
574;1;true;2632.051603
574;2;true;2629.069655
574;3;true;2621.615944
574;4;true;2612.283577
574;5;true;2645.943288
575;1;true;1172.586813
575;2;true;1174.982364
575;3;true;1173.127889
575;4;true;1176.606923
575;5;true;1174.118588
576;1;true;1479.957992
576;2;true;1512.281063
576;3;true;1502.698858
576;4;true;1507.873581
576;5;true;1498.385130
577;1;true;672.982119
577;2;true;674.861075
577;3;true;681.615816
577;4;true;671.771104
577;5;true;673.713321
578;1;true;9690.494811
578;2;true;9663.981278
578;3;true;9648.151780
578;4;true;9656.953115
578;5;true;9686.564079
579;1;true;1104.931394
579;2;true;1108.618924
579;3;true;1105.258343
579;4;true;1111.520291
579;5;true;1100.901804
580;1;true;3742.727508
580;2;true;3749.090448
580;3;true;3747.822410
580;4;true;3727.351841
580;5;true;3722.500318
581;1;true;1643.101947
581;2;true;1642.916832
581;3;true;1635.010117
581;4;true;1646.942892
581;5;true;1637.010577
582;1;true;3551.112034
582;2;true;3576.675744
582;3;true;3596.409121
582;4;true;3585.570930
582;5;true;3588.672342
583;1;true;1838.020635
583;2;true;1840.135738
583;3;true;1842.375255
583;4;true;1840.527531
583;5;true;1836.940993
584;1;true;1380.596763
584;2;true;1385.428817
584;3;true;1382.929573
584;4;true;1382.633614
584;5;true;1383.065647
585;1;true;1194.686195
585;2;true;1198.956983
585;3;true;1193.049247
585;4;true;1193.888013
585;5;true;1203.653022
586;1;true;1166.797837
586;2;true;1152.263614
586;3;true;1153.418069
586;4;true;1151.263214
586;5;true;1161.583282
587;1;true;386.431732
587;2;true;385.059210
587;3;true;386.983847
587;4;true;385.965907
587;5;true;385.102432
588;1;true;380.974079
588;2;true;382.430542
588;3;true;381.526125
588;4;true;382.087162
588;5;true;382.658619
589;1;true;859.160569
589;2;true;869.405513
589;3;true;860.089767
589;4;true;862.350014
589;5;true;860.010905
590;1;true;1338.816773
590;2;true;1343.517142
590;3;true;1334.507414
590;4;true;1338.960968
590;5;true;1342.366848
591;1;true;2532.323354
591;2;true;2526.028717
591;3;true;2530.691047
591;4;true;2531.756758
591;5;true;2531.650715
592;1;true;3691.093045
592;2;true;3677.264134
592;3;true;3679.129710
592;4;true;3669.415291
592;5;true;3671.134262
593;1;true;3319.078954
593;2;true;3311.674944
593;3;true;3324.527006
593;4;true;3337.358658
593;5;true;3311.991494
594;1;true;3697.019354
594;2;true;3698.564140
594;3;true;3705.445206
594;4;true;3707.397694
594;5;true;3689.144741
595;1;true;572.103084
595;2;true;572.970190
595;3;true;574.213716
595;4;true;574.302170
595;5;true;571.918749
596;1;true;4085.613644
596;2;true;4090.046565
596;3;true;4069.357821
596;4;true;4086.797060
596;5;true;4070.700181
597;1;true;5393.111379
597;2;true;5394.579004
597;3;true;5379.539407
597;4;true;5353.624017
597;5;true;5383.559999
598;1;true;1246.641396
598;2;true;1251.393496
598;3;true;1249.407548
598;4;true;1248.432059
598;5;true;1255.128518
599;1;true;1659.453493
599;2;true;1659.681240
599;3;true;1662.687131
599;4;true;1665.512495
599;5;true;1661.398854
600;1;true;8270.854268
600;2;true;8280.762155
600;3;true;8205.629223
600;4;true;8215.390154
600;5;true;8260.793635
601;1;true;586.563832
601;2;true;582.007628
601;3;true;584.571664
601;4;true;583.793591
601;5;true;582.041950
602;1;true;894.286896
602;2;true;895.427359
602;3;true;894.264996
602;4;true;890.976578
602;5;true;894.099481
603;1;true;1343.947416
603;2;true;1342.874724
603;3;true;1346.067549
603;4;true;1343.351660
603;5;true;1340.824936
604;1;true;914.498536
604;2;true;915.650450
604;3;true;913.029493
604;4;true;911.552620
604;5;true;913.598580
605;1;true;1559.538499
605;2;true;1558.275333
605;3;true;1555.097471
605;4;true;1559.874443
605;5;true;1568.363444
606;1;true;1374.609720
606;2;true;1378.020502
606;3;true;1382.609109
606;4;true;1384.976659
606;5;true;1378.536829
607;1;true;1517.667295
607;2;true;1556.398878
607;3;true;1515.252785
607;4;true;1518.577735
607;5;true;1521.146381
608;1;true;1451.333493
608;2;true;1438.988330
608;3;true;1450.111038
608;4;true;1450.159621
608;5;true;1455.563911
609;1;true;523.552936
609;2;true;519.097024
609;3;true;518.127576
609;4;true;521.599468
609;5;true;519.928450
610;1;true;502.104043
610;2;true;501.345101
610;3;true;502.326780
610;4;true;502.474974
610;5;true;500.713643
611;1;true;418.598930
611;2;true;418.014684
611;3;true;416.945802
611;4;true;417.811767
611;5;true;425.234527
612;1;true;1818.517336
612;2;true;1816.282201
612;3;true;1810.703859
612;4;true;1816.075878
612;5;true;1813.801992
613;1;true;1433.368137
613;2;true;1432.064120
613;3;true;1437.306756
613;4;true;1435.289156
613;5;true;1437.763860
614;1;true;962.649749
614;2;true;963.445753
614;3;true;962.841686
614;4;true;965.919788
614;5;true;964.075573
615;1;true;3525.227214
615;2;true;3507.253980
615;3;true;3524.793031
615;4;true;3525.443345
615;5;true;3521.069092
616;1;true;2801.537475
616;2;true;2805.892427
616;3;true;2797.187102
616;4;true;2797.761842
616;5;true;2795.027685
617;1;true;324.136391
617;2;true;323.486372
617;3;true;323.572403
617;4;true;322.202853
617;5;true;323.451320
618;1;true;1318.410658
618;2;true;1332.987359
618;3;true;1322.272564
618;4;true;1322.950224
618;5;true;1323.062278
619;1;true;930.417694
619;2;true;933.553287
619;3;true;932.516647
619;4;true;937.900767
619;5;true;933.560289
620;1;true;749.109242
620;2;true;751.678428
620;3;true;746.855876
620;4;true;751.133922
620;5;true;751.133912
621;1;true;1313.084168
621;2;true;1308.515314
621;3;true;1312.241765
621;4;true;1307.869036
621;5;true;1312.404801
622;1;true;370.742230
622;2;true;370.088871
622;3;true;372.680007
622;4;true;370.514723
622;5;true;370.216225
623;1;true;3947.001348
623;2;true;3915.908307
623;3;true;3922.320390
623;4;true;3912.221167
623;5;true;3888.566975
624;1;true;1617.092243
624;2;true;1612.394304
624;3;true;1615.091526
624;4;true;1616.280152
624;5;true;1616.952893
625;1;true;2420.147345
625;2;true;2424.590528
625;3;true;2422.865879
625;4;true;2420.342636
625;5;true;2413.409933
626;1;true;395.964260
626;2;true;395.974091
626;3;true;396.188907
626;4;true;396.061923
626;5;true;395.131436
627;1;true;4674.697950
627;2;true;4666.518425
627;3;true;4663.410920
627;4;true;4657.046029
627;5;true;4664.346282
628;1;true;1102.028744
628;2;true;1104.365443
628;3;true;1098.574413
628;4;true;1094.304856
628;5;true;1100.955342
629;1;true;1007.308925
629;2;true;1007.413759
629;3;true;1007.604955
629;4;true;1015.900000
629;5;true;1003.787362
630;1;true;1007.190434
630;2;true;1005.418792
630;3;true;1014.829200
630;4;true;1007.837414
630;5;true;1008.925265
631;1;true;588.962601
631;2;true;589.804966
631;3;true;588.108106
631;4;true;587.650343
631;5;true;587.403066
632;1;true;1566.584214
632;2;true;1574.321663
632;3;true;1565.286267
632;4;true;1569.756299
632;5;true;1571.494841
633;1;true;619.659721
633;2;true;623.586137
633;3;true;619.642730
633;4;true;620.716682
633;5;true;620.426124
634;1;true;514.159092
634;2;true;516.236834
634;3;true;522.403836
634;4;true;515.863332
634;5;true;515.274995
635;1;true;1517.869929
635;2;true;1516.411137
635;3;true;1510.374339
635;4;true;1510.404070
635;5;true;1508.723242
636;1;true;2436.802316
636;2;true;2425.885234
636;3;true;2421.998811
636;4;true;2429.293219
636;5;true;2434.154654
637;1;true;556.476126
637;2;true;558.607080
637;3;true;556.761316
637;4;true;560.349362
637;5;true;559.717803
638;1;true;2065.544476
638;2;true;2068.412483
638;3;true;2078.107452
638;4;true;2068.631491
638;5;true;2066.082717
639;1;true;5676.836347
639;2;true;5702.885977
639;3;true;5705.981426
639;4;true;5722.362420
639;5;true;5713.633931
640;1;true;2285.079744
640;2;true;2280.093177
640;3;true;2289.347453
640;4;true;2295.858697
640;5;true;2292.508219
641;1;true;2103.899580
641;2;true;2098.772889
641;3;true;2099.123151
641;4;true;2096.796443
641;5;true;2093.771785
642;1;true;1894.545150
642;2;true;1897.133068
642;3;true;1892.039778
642;4;true;1893.122081
642;5;true;1885.023372
643;1;true;1706.090358
643;2;true;1698.783912
643;3;true;1696.232348
643;4;true;1690.027985
643;5;true;1691.509150
644;1;true;1875.268269
644;2;true;1882.039510
644;3;true;1875.586940
644;4;true;1875.563330
644;5;true;1873.347185
645;1;true;841.878887
645;2;true;849.528283
645;3;true;845.896356
645;4;true;843.683381
645;5;true;848.606666
646;1;true;1978.959714
646;2;true;1975.992096
646;3;true;1963.583660
646;4;true;1960.997114
646;5;true;1956.943246
647;1;true;1863.412778
647;2;true;1860.684058
647;3;true;1863.381999
647;4;true;1857.734923
647;5;true;1867.919735
648;1;true;3396.436905
648;2;true;3393.610903
648;3;true;3403.299313
648;4;true;3393.386252
648;5;true;3412.749248
649;1;true;899.733648
649;2;true;901.136649
649;3;true;899.991826
649;4;true;902.915572
649;5;true;899.541613
650;1;true;1903.473027
650;2;true;1916.946337
650;3;true;1917.200575
650;4;true;1915.416103
650;5;true;1927.493922
651;1;true;3466.758881
651;2;true;3471.716289
651;3;true;3458.453529
651;4;true;3478.400012
651;5;true;3475.258352
652;1;true;5623.587505
652;2;true;5576.543189
652;3;true;5616.955152
652;4;true;5631.827919
652;5;true;5576.386003
653;1;true;2755.787903
653;2;true;2764.384590
653;3;true;2804.369695
653;4;true;2775.165013
653;5;true;2789.683934
654;1;true;1700.817421
654;2;true;1702.125890
654;3;true;1694.978809
654;4;true;1702.217604
654;5;true;1710.887742
655;1;true;1781.239796
655;2;true;1777.405633
655;3;true;1766.193462
655;4;true;1768.394138
655;5;true;1780.126166
656;1;true;628.806048
656;2;true;631.299002
656;3;true;627.136468
656;4;true;629.026835
656;5;true;629.913351
657;1;true;2826.926989
657;2;true;2832.537927
657;3;true;2826.920963
657;4;true;2829.919973
657;5;true;2823.776572
658;1;true;1547.617543
658;2;true;1544.360247
658;3;true;1548.877121
658;4;true;1544.622766
658;5;true;1546.937774
659;1;true;5009.429369
659;2;true;4995.387726
659;3;true;5017.739253
659;4;true;5022.398816
659;5;true;5004.377276
660;1;true;1861.472693
660;2;true;1872.918982
660;3;true;1869.817871
660;4;true;1864.681149
660;5;true;1868.833433
661;1;true;3012.788076
661;2;true;3017.694862
661;3;true;3018.796077
661;4;true;3016.934143
661;5;true;3022.620113
662;1;true;8253.169660
662;2;true;8284.168480
662;3;true;8303.527025
662;4;true;8298.348092
662;5;true;8252.868364
663;1;true;18473.372553
663;2;true;18489.298934
663;3;true;18524.524934
663;4;true;18437.410718
663;5;true;18490.553707
664;1;true;1141.923876
664;2;true;1144.277305
664;3;true;1148.074448
664;4;true;1141.245766
664;5;true;1142.657639
665;1;true;3180.701812
665;2;true;3172.055397
665;3;true;3167.666868
665;4;true;3168.456363
665;5;true;3170.959898
666;1;true;755.846057
666;2;true;753.245681
666;3;true;757.106326
666;4;true;760.922418
666;5;true;756.591180
667;1;true;3030.393431
667;2;true;3018.712076
667;3;true;3043.373438
667;4;true;3035.534847
667;5;true;3026.548232
668;1;true;1257.514890
668;2;true;1257.414317
668;3;true;1255.053697
668;4;true;1261.320324
668;5;true;1264.464017
669;1;true;3274.146490
669;2;true;3259.844966
669;3;true;3264.961918
669;4;true;3278.730449
669;5;true;3269.019472
670;1;true;1190.889727
670;2;true;1182.225820
670;3;true;1191.797373
670;4;true;1182.910301
670;5;true;1182.498048
671;1;true;548.006916
671;2;true;546.619075
671;3;true;546.890283
671;4;true;547.998347
671;5;true;546.888253
672;1;true;720.640838
672;2;true;724.065059
672;3;true;721.644988
672;4;true;722.377300
672;5;true;724.508543
673;1;true;2148.155166
673;2;true;2148.554089
673;3;true;2153.875877
673;4;true;2149.557659
673;5;true;2146.789648
674;1;true;2192.518476
674;2;true;2194.051121
674;3;true;2195.154554
674;4;true;2207.749258
674;5;true;2175.586694
675;1;true;1380.745124
675;2;true;1378.410235
675;3;true;1373.426727
675;4;true;1384.849926
675;5;true;1379.825017
676;1;true;1943.134420
676;2;true;1942.800860
676;3;true;1948.588662
676;4;true;1942.712458
676;5;true;1958.046164
677;1;true;817.598508
677;2;true;815.600719
677;3;true;819.977318
677;4;true;818.520675
677;5;true;818.332229
